flex1,flex2,flex3,flex4,flex5,accelX,accelY,accelZ,gyroX,gyroY,gyroZ,label
0.0,0.0,43.0,2507.0,32.0,-748.0,-2136.0,16092.0,-897.0,-326.0,-39.0,.
0.0,0.0,32.0,2519.0,40.0,-788.0,-2636.0,16116.0,-472.0,-508.0,58.0,.
0.0,10.0,43.0,2508.0,47.0,-768.0,-1828.0,16224.0,-629.0,-428.0,2.0,.
0.0,6.0,32.0,2503.0,43.0,-648.0,-2364.0,15988.0,-529.0,-405.0,61.0,.
35.0,6.0,16.0,2490.0,27.0,-808.0,-2328.0,16492.0,-445.0,-473.0,109.0,.
46.0,0.0,33.0,2506.0,37.0,-680.0,-2428.0,16320.0,-998.0,-259.0,121.0,.
1.0,0.0,41.0,2512.0,34.0,-604.0,-2652.0,16168.0,-459.0,-498.0,56.0,.
0.0,0.0,13.0,2495.0,41.0,-756.0,-2408.0,16240.0,-1061.0,-310.0,-8.0,.
0.0,0.0,39.0,2512.0,25.0,-612.0,-1872.0,16208.0,-673.0,-502.0,26.0,.
0.0,2.0,42.0,2503.0,34.0,-560.0,-2152.0,16192.0,-827.0,-383.0,53.0,.
1.0,3.0,37.0,2507.0,51.0,-672.0,-2008.0,16120.0,-514.0,-509.0,180.0,.
49.0,0.0,10.0,2514.0,39.0,-400.0,-2168.0,16136.0,-539.0,-327.0,70.0,.
23.0,1.0,21.0,2496.0,35.0,-404.0,-1984.0,16200.0,-880.0,-384.0,95.0,.
0.0,5.0,33.0,2503.0,32.0,-312.0,-2028.0,16280.0,-673.0,-397.0,-6.0,.
0.0,0.0,48.0,2513.0,50.0,-448.0,-2072.0,16096.0,-794.0,-446.0,76.0,.
0.0,9.0,13.0,2512.0,45.0,-420.0,-2140.0,16172.0,-823.0,-448.0,126.0,.
0.0,16.0,17.0,2526.0,27.0,-288.0,-2072.0,16260.0,-718.0,-392.0,-46.0,.
29.0,0.0,22.0,2521.0,27.0,-372.0,-1920.0,16316.0,-928.0,-294.0,-81.0,.
22.0,0.0,44.0,2496.0,62.0,-332.0,-2192.0,15964.0,-795.0,-316.0,104.0,.
0.0,0.0,22.0,2515.0,39.0,-392.0,-2068.0,16064.0,-786.0,-249.0,-11.0,.
0.0,6.0,14.0,2496.0,33.0,-428.0,-1948.0,16072.0,-630.0,-301.0,70.0,.
0.0,0.0,47.0,2512.0,37.0,-512.0,-2132.0,16088.0,-888.0,-359.0,-69.0,.
5.0,3.0,46.0,2512.0,18.0,-464.0,-1872.0,16272.0,-841.0,-381.0,19.0,.
38.0,0.0,50.0,2530.0,19.0,-524.0,-2136.0,16088.0,-695.0,-378.0,73.0,.
48.0,5.0,29.0,2498.0,55.0,-388.0,-2076.0,16184.0,-843.0,-391.0,-73.0,.
23.0,0.0,28.0,2523.0,33.0,-308.0,-2080.0,16136.0,-690.0,-241.0,-95.0,.
0.0,0.0,21.0,2495.0,48.0,-284.0,-2236.0,16016.0,-748.0,-305.0,3.0,.
0.0,0.0,40.0,2506.0,48.0,-460.0,-2100.0,16120.0,-837.0,-369.0,43.0,.
0.0,12.0,19.0,2512.0,27.0,-292.0,-2156.0,16216.0,-717.0,-575.0,31.0,.
29.0,8.0,34.0,2506.0,35.0,-436.0,-2056.0,16200.0,-850.0,-395.0,31.0,.
71.0,7.0,46.0,2513.0,42.0,-332.0,-2056.0,16272.0,-827.0,-398.0,-13.0,.
43.0,2.0,21.0,2490.0,34.0,-296.0,-1940.0,16164.0,-629.0,-497.0,150.0,.
0.0,12.0,16.0,2511.0,34.0,-144.0,-2256.0,16216.0,-676.0,-583.0,32.0,.
0.0,0.0,34.0,2510.0,54.0,-204.0,-2000.0,16100.0,-220.0,-271.0,172.0,.
0.0,3.0,43.0,2510.0,45.0,-316.0,-1864.0,16188.0,-900.0,-449.0,-27.0,.
27.0,0.0,36.0,2515.0,45.0,-272.0,-1888.0,16076.0,-662.0,-473.0,7.0,.
64.0,3.0,38.0,2502.0,58.0,-280.0,-2052.0,16120.0,-711.0,-605.0,75.0,.
54.0,0.0,42.0,2500.0,37.0,-536.0,-1912.0,16348.0,-449.0,-482.0,23.0,.
0.0,0.0,43.0,2511.0,25.0,-352.0,-2144.0,16184.0,-932.0,-482.0,19.0,.
0.0,2.0,44.0,2497.0,30.0,-336.0,-1960.0,16328.0,-777.0,-459.0,13.0,.
0.0,5.0,34.0,2506.0,35.0,-500.0,-1924.0,16200.0,-739.0,-362.0,63.0,.
21.0,0.0,36.0,2507.0,38.0,-300.0,-2072.0,16272.0,-750.0,-358.0,31.0,.
41.0,18.0,47.0,2522.0,45.0,-316.0,-2168.0,16256.0,-643.0,-288.0,-58.0,.
48.0,0.0,30.0,2498.0,36.0,-600.0,-2240.0,16144.0,-555.0,-173.0,-17.0,.
2.0,1.0,30.0,2517.0,48.0,-316.0,-2080.0,16236.0,-796.0,-307.0,-54.0,.
0.0,11.0,29.0,2493.0,32.0,-300.0,-2072.0,16108.0,-717.0,-219.0,95.0,.
0.0,0.0,42.0,2495.0,43.0,-372.0,-2276.0,16304.0,-613.0,-336.0,8.0,.
0.0,0.0,48.0,2494.0,43.0,-308.0,-2116.0,16064.0,-599.0,-398.0,92.0,.
32.0,14.0,42.0,2518.0,51.0,-360.0,-2088.0,16400.0,-747.0,-346.0,-6.0,.
60.0,0.0,23.0,2512.0,34.0,-428.0,-2060.0,16172.0,-795.0,-327.0,36.0,.
11.0,0.0,43.0,2507.0,19.0,12368.0,5492.0,10976.0,-2107.0,815.0,4599.0,hi
0.0,0.0,32.0,2495.0,19.0,10824.0,-324.0,11632.0,-4129.0,2111.0,6029.0,hi
0.0,0.0,35.0,2511.0,33.0,11448.0,-3876.0,12588.0,351.0,-690.0,-822.0,hi
0.0,0.0,37.0,2509.0,21.0,11892.0,752.0,10920.0,1522.0,-1415.0,-6221.0,hi
0.0,0.0,39.0,2514.0,46.0,11572.0,5392.0,10416.0,1047.0,-1919.0,-4988.0,hi
58.0,0.0,36.0,2513.0,54.0,11996.0,7108.0,9956.0,-517.0,-245.0,2487.0,hi
35.0,0.0,48.0,2519.0,32.0,11460.0,3484.0,10712.0,-2836.0,2263.0,6673.0,hi
0.0,8.0,39.0,2515.0,40.0,10924.0,-1576.0,12596.0,-2493.0,1488.0,5684.0,hi
0.0,0.0,47.0,2502.0,33.0,10364.0,-4604.0,13248.0,-845.0,-577.0,136.0,hi
0.0,0.0,51.0,2492.0,28.0,11072.0,-1616.0,12056.0,2154.0,-2542.0,-6299.0,hi
10.0,0.0,48.0,2503.0,36.0,11716.0,3996.0,11024.0,18.0,-1598.0,-6053.0,hi
48.0,6.0,42.0,2512.0,45.0,11612.0,7932.0,9700.0,-149.0,-1096.0,-1434.0,hi
43.0,0.0,43.0,2512.0,48.0,11964.0,6040.0,9656.0,-3611.0,1610.0,4965.0,hi
0.0,1.0,34.0,2519.0,29.0,10952.0,760.0,12604.0,-3772.0,1999.0,5550.0,hi
0.0,0.0,44.0,2499.0,26.0,9976.0,-2872.0,13420.0,-2343.0,869.0,3469.0,hi
0.0,0.0,46.0,2513.0,33.0,10008.0,-3736.0,13732.0,548.0,-1312.0,-2624.0,hi
0.0,0.0,51.0,2507.0,64.0,10768.0,620.0,12496.0,1897.0,-2410.0,-6553.0,hi
45.0,0.0,43.0,2501.0,61.0,11192.0,4680.0,11184.0,332.0,-1280.0,-4248.0,hi
43.0,2.0,41.0,2523.0,38.0,11280.0,6596.0,11000.0,-439.0,-50.0,1946.0,hi
0.0,0.0,26.0,2512.0,48.0,11596.0,3664.0,10920.0,-1638.0,459.0,5694.0,hi
0.0,16.0,23.0,2497.0,21.0,11104.0,-924.0,12580.0,-2227.0,1433.0,3544.0,hi
0.0,0.0,14.0,2507.0,40.0,10936.0,-1076.0,12964.0,-698.0,-277.0,-486.0,hi
0.0,0.0,0.0,2501.0,48.0,11080.0,92.0,12264.0,575.0,-844.0,-4452.0,hi
5.0,0.0,17.0,2516.0,51.0,11008.0,2812.0,12192.0,163.0,-484.0,-4583.0,hi
10.0,0.0,14.0,2493.0,47.0,10640.0,6660.0,11752.0,664.0,-730.0,-759.0,hi
0.0,0.0,30.0,2505.0,41.0,10780.0,4024.0,11488.0,-2237.0,713.0,5200.0,hi
0.0,0.0,22.0,2496.0,24.0,10768.0,-336.0,12340.0,-1990.0,958.0,5059.0,hi
0.0,0.0,13.0,2518.0,28.0,10372.0,-3548.0,13976.0,-733.0,-783.0,-633.0,hi
0.0,0.0,30.0,2512.0,48.0,10740.0,-196.0,12316.0,956.0,-2071.0,-5656.0,hi
30.0,0.0,22.0,2519.0,45.0,11364.0,4276.0,11160.0,290.0,-1416.0,-4637.0,hi
69.0,0.0,31.0,2511.0,30.0,11236.0,6468.0,11056.0,-909.0,-187.0,1133.0,hi
60.0,0.0,27.0,2495.0,37.0,10992.0,3152.0,11584.0,-2183.0,1474.0,5461.0,hi
0.0,0.0,25.0,2512.0,31.0,10156.0,-1124.0,13176.0,-1057.0,1293.0,4093.0,hi
0.0,0.0,7.0,2491.0,48.0,10300.0,-1980.0,13576.0,-89.0,-886.0,-1933.0,hi
0.0,0.0,14.0,2493.0,34.0,10556.0,1060.0,12664.0,1162.0,-2160.0,-5488.0,hi
3.0,0.0,8.0,2496.0,48.0,10828.0,4996.0,11512.0,566.0,-1688.0,-4115.0,hi
53.0,0.0,33.0,2512.0,31.0,11176.0,6500.0,10892.0,-1286.0,328.0,2501.0,hi
50.0,0.0,1.0,2511.0,45.0,11048.0,3100.0,11872.0,-2085.0,1494.0,5309.0,hi
0.0,0.0,21.0,2512.0,33.0,10696.0,-1012.0,13224.0,-2316.0,488.0,3228.0,hi
0.0,0.0,28.0,2512.0,53.0,10656.0,-1644.0,13140.0,446.0,-1124.0,-2145.0,hi
0.0,0.0,10.0,2516.0,33.0,10944.0,2120.0,12332.0,1165.0,-1782.0,-5098.0,hi
0.0,0.0,16.0,2495.0,46.0,11044.0,4872.0,11432.0,853.0,-1401.0,-3134.0,hi
35.0,0.0,13.0,2511.0,41.0,10972.0,6240.0,11180.0,-1004.0,110.0,2187.0,hi
48.0,0.0,32.0,2500.0,48.0,10928.0,2524.0,12220.0,-1929.0,1556.0,4621.0,hi
0.0,0.0,32.0,2497.0,51.0,10548.0,80.0,13028.0,-2270.0,706.0,2955.0,hi
0.0,0.0,34.0,2509.0,46.0,10452.0,-1320.0,13376.0,-158.0,-667.0,-1572.0,hi
0.0,0.0,12.0,2510.0,32.0,10676.0,1896.0,12300.0,1167.0,-1863.0,-4904.0,hi
0.0,0.0,13.0,2490.0,48.0,11044.0,4760.0,11376.0,27.0,-1604.0,-3490.0,hi
9.0,0.0,19.0,2507.0,49.0,11040.0,6704.0,10992.0,-900.0,416.0,1623.0,hi
57.0,0.0,15.0,2495.0,38.0,11032.0,3432.0,11444.0,-2832.0,1565.0,5156.0,hi
81.0,6.0,240.0,2496.0,203.0,12900.0,1740.0,10968.0,-212.0,-336.0,-28.0,i
102.0,10.0,227.0,2512.0,214.0,12648.0,868.0,11212.0,-415.0,-546.0,-16.0,i
139.0,0.0,211.0,2512.0,211.0,12736.0,1216.0,10964.0,-484.0,-609.0,62.0,i
170.0,15.0,214.0,2517.0,213.0,12820.0,1120.0,10832.0,-660.0,-223.0,169.0,i
155.0,0.0,227.0,2493.0,230.0,12420.0,1100.0,11016.0,-1191.0,-166.0,53.0,i
142.0,0.0,205.0,2509.0,198.0,12736.0,1452.0,10704.0,-925.0,-412.0,96.0,i
86.0,8.0,224.0,2495.0,213.0,12816.0,1212.0,10928.0,-936.0,-345.0,-14.0,i
115.0,0.0,217.0,2496.0,208.0,12864.0,1272.0,10816.0,-865.0,-579.0,-52.0,i
128.0,4.0,227.0,2513.0,208.0,12884.0,1416.0,10640.0,-683.0,-423.0,30.0,i
176.0,0.0,254.0,2507.0,228.0,12724.0,1204.0,10892.0,-482.0,-516.0,-93.0,i
142.0,15.0,240.0,2497.0,198.0,12776.0,1400.0,10584.0,-682.0,-517.0,-4.0,i
109.0,0.0,243.0,2506.0,217.0,12756.0,1328.0,10872.0,-1325.0,-119.0,-138.0,i
79.0,12.0,263.0,2495.0,224.0,12912.0,1272.0,10644.0,-246.0,-340.0,238.0,i
101.0,0.0,208.0,2518.0,176.0,12768.0,1712.0,10856.0,-669.0,-762.0,-230.0,i
121.0,0.0,176.0,2500.0,135.0,12868.0,1688.0,10688.0,-1222.0,-110.0,-4.0,i
155.0,0.0,218.0,2506.0,128.0,12760.0,1848.0,10308.0,-1644.0,-221.0,68.0,i
144.0,4.0,242.0,2512.0,162.0,12800.0,1636.0,10480.0,-764.0,-517.0,-296.0,i
140.0,1.0,247.0,2507.0,204.0,12924.0,1872.0,10412.0,-978.0,-154.0,294.0,i
118.0,1.0,243.0,2513.0,171.0,13232.0,2168.0,10140.0,-851.0,-335.0,204.0,i
126.0,11.0,247.0,2515.0,186.0,13176.0,1720.0,10212.0,-689.0,-554.0,-287.0,i
137.0,0.0,257.0,2521.0,163.0,12676.0,2052.0,10416.0,-931.0,-170.0,415.0,i
153.0,19.0,240.0,2519.0,176.0,12980.0,1732.0,10580.0,-1062.0,-309.0,-104.0,i
195.0,11.0,240.0,2515.0,166.0,13096.0,1548.0,10304.0,-839.0,-311.0,10.0,i
173.0,1.0,256.0,2497.0,202.0,13100.0,1848.0,10624.0,-544.0,-563.0,158.0,i
121.0,0.0,253.0,2514.0,192.0,13004.0,1924.0,10544.0,-681.0,-354.0,-15.0,i
110.0,14.0,246.0,2494.0,183.0,13168.0,1596.0,10144.0,-805.0,-121.0,221.0,i
155.0,6.0,243.0,2511.0,190.0,13136.0,1812.0,10400.0,-898.0,-372.0,-86.0,i
176.0,3.0,271.0,2512.0,177.0,12916.0,1444.0,10264.0,-995.0,-217.0,-67.0,i
207.0,0.0,248.0,2511.0,194.0,13224.0,2068.0,10464.0,-551.0,-466.0,-62.0,i
181.0,0.0,252.0,2512.0,176.0,13084.0,2080.0,10352.0,-717.0,-547.0,-94.0,i
151.0,0.0,247.0,2512.0,182.0,13196.0,1620.0,10168.0,-785.0,-364.0,41.0,i
130.0,0.0,252.0,2493.0,176.0,13236.0,1956.0,10384.0,-1263.0,-274.0,-162.0,i
137.0,0.0,240.0,2503.0,198.0,12932.0,2020.0,10448.0,-507.0,-542.0,11.0,i
171.0,0.0,239.0,2505.0,176.0,13092.0,1656.0,10284.0,-857.0,-242.0,164.0,i
188.0,0.0,240.0,2507.0,165.0,13012.0,2020.0,10360.0,-812.0,-383.0,-93.0,i
167.0,0.0,233.0,2512.0,190.0,13040.0,1924.0,10520.0,-423.0,-362.0,229.0,i
126.0,0.0,240.0,2519.0,176.0,13064.0,1896.0,10476.0,-845.0,-490.0,-108.0,i
117.0,0.0,231.0,2496.0,170.0,12876.0,1772.0,10708.0,-973.0,-450.0,-20.0,i
112.0,7.0,217.0,2512.0,153.0,13128.0,1588.0,10476.0,-1140.0,-188.0,-16.0,i
160.0,0.0,225.0,2506.0,185.0,13072.0,1372.0,10548.0,-486.0,-427.0,116.0,i
194.0,0.0,227.0,2497.0,192.0,12868.0,1504.0,10456.0,-606.0,-161.0,104.0,i
171.0,3.0,229.0,2498.0,178.0,12984.0,1524.0,10464.0,-949.0,-448.0,-159.0,i
117.0,0.0,234.0,2491.0,178.0,13092.0,1532.0,10384.0,-1058.0,-324.0,-129.0,i
117.0,0.0,238.0,2506.0,175.0,12996.0,1416.0,10552.0,-763.0,-311.0,66.0,i
122.0,0.0,240.0,2500.0,164.0,12928.0,1204.0,10632.0,-1081.0,-448.0,-245.0,i
128.0,10.0,240.0,2504.0,175.0,12740.0,1392.0,10680.0,-712.0,-449.0,-87.0,i
166.0,0.0,240.0,2512.0,176.0,12620.0,1232.0,10620.0,-780.0,-264.0,43.0,i
184.0,3.0,224.0,2487.0,176.0,13024.0,1188.0,10484.0,-410.0,-407.0,171.0,i
144.0,0.0,240.0,2499.0,186.0,12836.0,1420.0,10764.0,-534.0,-395.0,100.0,i
107.0,16.0,235.0,2500.0,188.0,13004.0,1116.0,10572.0,-936.0,-382.0,-40.0,i
0.0,537.0,479.0,2491.0,285.0,1140.0,-2668.0,16032.0,764.0,-1153.0,-2993.0,am
0.0,527.0,482.0,2510.0,266.0,1668.0,228.0,16060.0,3180.0,-567.0,-2770.0,am
0.0,543.0,485.0,2532.0,277.0,1752.0,2656.0,15908.0,-971.0,-365.0,206.0,am
0.0,532.0,479.0,2512.0,272.0,1024.0,752.0,15772.0,-1711.0,1159.0,5843.0,am
0.0,511.0,480.0,2507.0,298.0,368.0,-2496.0,17204.0,-778.0,-625.0,-343.0,am
0.0,525.0,475.0,2496.0,277.0,1224.0,720.0,16460.0,-286.0,-1647.0,-4393.0,am
0.0,539.0,493.0,2500.0,279.0,1852.0,1856.0,16028.0,-88.0,-914.0,-2506.0,am
0.0,541.0,481.0,2512.0,278.0,1664.0,1844.0,16072.0,-1027.0,235.0,3365.0,am
0.0,542.0,483.0,2503.0,300.0,1476.0,112.0,16468.0,-1748.0,-440.0,3740.0,am
0.0,534.0,481.0,2496.0,288.0,1628.0,-1468.0,16460.0,-669.0,-689.0,-1384.0,am
0.0,545.0,491.0,2510.0,270.0,2232.0,1060.0,16188.0,-287.0,-1385.0,-4147.0,am
0.0,538.0,479.0,2512.0,272.0,2496.0,2532.0,15876.0,-440.0,-305.0,-1001.0,am
0.0,529.0,489.0,2511.0,262.0,2004.0,2160.0,15588.0,-1616.0,628.0,4310.0,am
0.0,530.0,497.0,2487.0,270.0,1332.0,-1284.0,16684.0,-1409.0,466.0,2263.0,am
0.0,541.0,487.0,2512.0,273.0,1224.0,-584.0,16420.0,55.0,-1121.0,-4804.0,am
0.0,544.0,486.0,2502.0,272.0,1696.0,1728.0,15872.0,-234.0,-428.0,-3436.0,am
0.0,543.0,485.0,2513.0,272.0,1464.0,2508.0,16492.0,-602.0,27.0,3828.0,am
0.0,544.0,489.0,2509.0,273.0,1380.0,-688.0,16304.0,-1784.0,589.0,3640.0,am
0.0,543.0,496.0,2498.0,286.0,984.0,-700.0,16548.0,108.0,-1227.0,-2767.0,am
0.0,549.0,496.0,2511.0,277.0,1600.0,1628.0,16192.0,-310.0,-1270.0,-3281.0,am
0.0,532.0,496.0,2512.0,286.0,2092.0,2772.0,16000.0,-502.0,-134.0,1218.0,am
0.0,557.0,491.0,2503.0,279.0,1208.0,812.0,15728.0,-2606.0,1104.0,4235.0,am
0.0,546.0,495.0,2518.0,287.0,940.0,-1640.0,16792.0,-562.0,-792.0,-1670.0,am
0.0,554.0,495.0,2511.0,270.0,1524.0,1308.0,16140.0,-115.0,-1524.0,-4138.0,am
0.0,542.0,495.0,2515.0,299.0,2256.0,2424.0,15476.0,-768.0,-264.0,1005.0,am
0.0,548.0,494.0,2513.0,261.0,1772.0,528.0,16056.0,-1833.0,602.0,4961.0,am
0.0,529.0,479.0,2508.0,290.0,1184.0,-2248.0,17016.0,-622.0,-408.0,-130.0,am
0.0,539.0,486.0,2511.0,294.0,1544.0,896.0,16180.0,-227.0,-1419.0,-5074.0,am
0.0,558.0,495.0,2511.0,291.0,1864.0,2152.0,16148.0,-268.0,-874.0,-1282.0,am
0.0,535.0,489.0,2515.0,269.0,1600.0,1340.0,16088.0,-1231.0,799.0,5956.0,am
0.0,543.0,497.0,2510.0,278.0,1024.0,-1932.0,16812.0,-1079.0,331.0,1725.0,am
0.0,543.0,495.0,2499.0,258.0,1336.0,-1092.0,16268.0,-455.0,-1299.0,-5068.0,am
0.0,529.0,493.0,2515.0,271.0,1828.0,1804.0,15952.0,442.0,-1293.0,-3541.0,am
0.0,551.0,494.0,2494.0,291.0,1884.0,2020.0,16528.0,-880.0,262.0,3355.0,am
0.0,543.0,502.0,2512.0,269.0,1148.0,-1228.0,16376.0,-1491.0,1387.0,4688.0,am
0.0,530.0,493.0,2503.0,272.0,812.0,-1392.0,16696.0,-273.0,-986.0,-2154.0,am
0.0,542.0,484.0,2502.0,272.0,1248.0,788.0,16608.0,125.0,-1047.0,-5530.0,am
0.0,549.0,493.0,2507.0,271.0,1680.0,3096.0,15696.0,-536.0,-92.0,2174.0,am
0.0,539.0,488.0,2506.0,271.0,1296.0,428.0,15964.0,-1068.0,672.0,5501.0,am
0.0,543.0,497.0,2517.0,291.0,704.0,-2548.0,17172.0,-508.0,-641.0,-604.0,am
0.0,544.0,491.0,2516.0,283.0,940.0,160.0,16220.0,463.0,-1434.0,-5044.0,am
0.0,537.0,496.0,2499.0,272.0,1396.0,2040.0,16236.0,-491.0,-1122.0,-1968.0,am
0.0,528.0,487.0,2507.0,283.0,1456.0,868.0,16004.0,-2643.0,808.0,5126.0,am
0.0,542.0,490.0,2503.0,266.0,640.0,-1412.0,16612.0,-1559.0,462.0,3368.0,am
0.0,526.0,486.0,2514.0,272.0,924.0,-1416.0,16348.0,-61.0,-907.0,-4018.0,am
0.0,528.0,483.0,2514.0,288.0,1284.0,908.0,16044.0,-166.0,-1609.0,-4798.0,am
0.0,528.0,487.0,2513.0,274.0,1420.0,1240.0,16320.0,-415.0,-419.0,3519.0,am
0.0,539.0,493.0,2512.0,287.0,1148.0,-688.0,16384.0,-1821.0,1269.0,5801.0,am
0.0,530.0,490.0,2525.0,287.0,520.0,-2736.0,16820.0,-530.0,-387.0,-570.0,am
0.0,525.0,485.0,2513.0,275.0,1128.0,-572.0,16332.0,389.0,-1004.0,-5058.0,am
0.0,0.0,266.0,2495.0,217.0,14712.0,1528.0,8124.0,-493.0,-421.0,10.0,y
0.0,0.0,272.0,2502.0,240.0,14620.0,1588.0,8332.0,-1050.0,-547.0,-60.0,y
0.0,0.0,272.0,2510.0,260.0,14452.0,1820.0,8396.0,-498.0,-462.0,-38.0,y
0.0,0.0,272.0,2496.0,248.0,14600.0,1556.0,8544.0,-890.0,-426.0,-43.0,y
0.0,0.0,271.0,2515.0,235.0,14460.0,1576.0,8292.0,-798.0,-331.0,-46.0,y
0.0,0.0,279.0,2507.0,247.0,14476.0,1580.0,8632.0,-368.0,-594.0,52.0,y
0.0,0.0,284.0,2507.0,269.0,14340.0,1196.0,8636.0,-1247.0,-391.0,-174.0,y
0.0,0.0,251.0,2493.0,249.0,14528.0,1784.0,8512.0,-906.0,-493.0,-192.0,y
0.0,0.0,259.0,2503.0,269.0,14628.0,1716.0,8436.0,-791.0,-189.0,150.0,y
0.0,0.0,275.0,2511.0,253.0,14516.0,1740.0,8412.0,-418.0,-439.0,139.0,y
0.0,0.0,262.0,2505.0,270.0,14632.0,1600.0,8432.0,-579.0,-475.0,-17.0,y
0.0,0.0,275.0,2502.0,262.0,14308.0,1684.0,8596.0,-556.0,-514.0,47.0,y
0.0,0.0,276.0,2514.0,241.0,14464.0,1452.0,8308.0,-947.0,-224.0,94.0,y
0.0,0.0,282.0,2502.0,264.0,14488.0,1804.0,8524.0,-633.0,-456.0,42.0,y
0.0,0.0,295.0,2507.0,240.0,14716.0,1284.0,8432.0,-1236.0,-279.0,-111.0,y
0.0,0.0,289.0,2506.0,254.0,14632.0,1664.0,8428.0,-974.0,-356.0,-35.0,y
5.0,0.0,273.0,2509.0,273.0,14580.0,1256.0,8324.0,-815.0,-11.0,179.0,y
0.0,0.0,281.0,2515.0,245.0,14552.0,1296.0,8696.0,-956.0,-415.0,-122.0,y
0.0,0.0,282.0,2509.0,229.0,14140.0,1360.0,8580.0,-416.0,-392.0,123.0,y
0.0,0.0,284.0,2553.0,255.0,14460.0,1392.0,8544.0,-711.0,-157.0,302.0,y
0.0,0.0,298.0,2501.0,255.0,14300.0,1576.0,8472.0,-508.0,-274.0,-16.0,y
0.0,0.0,283.0,2511.0,240.0,14236.0,1428.0,8664.0,-668.0,-193.0,147.0,y
0.0,0.0,288.0,2516.0,258.0,14524.0,1552.0,8504.0,-904.0,-354.0,91.0,y
0.0,0.0,296.0,2502.0,246.0,14288.0,1340.0,8460.0,-910.0,12.0,253.0,y
0.0,0.0,299.0,2521.0,257.0,14256.0,1324.0,8788.0,-794.0,-502.0,-210.0,y
0.0,0.0,280.0,2523.0,262.0,14436.0,1216.0,9036.0,-907.0,-244.0,-132.0,y
0.0,0.0,289.0,2496.0,265.0,14304.0,1052.0,8776.0,-975.0,-76.0,13.0,y
0.0,0.0,295.0,2492.0,251.0,14524.0,1316.0,8812.0,-798.0,-300.0,53.0,y
0.0,0.0,302.0,2515.0,257.0,14080.0,1128.0,8828.0,-493.0,-124.0,278.0,y
7.0,0.0,278.0,2514.0,240.0,14368.0,1096.0,8840.0,-718.0,-177.0,161.0,y
9.0,0.0,304.0,2497.0,242.0,14168.0,1276.0,9008.0,-669.0,-410.0,-6.0,y
0.0,0.0,295.0,2519.0,257.0,14148.0,1244.0,9200.0,-470.0,-529.0,45.0,y
0.0,0.0,293.0,2506.0,223.0,14264.0,1244.0,8912.0,-670.0,-149.0,69.0,y
0.0,0.0,295.0,2528.0,240.0,14120.0,1228.0,8980.0,-705.0,-210.0,21.0,y
0.0,0.0,293.0,2510.0,253.0,14120.0,1044.0,9252.0,-1358.0,-276.0,-43.0,y
1.0,0.0,311.0,2507.0,256.0,14092.0,984.0,9096.0,-856.0,-354.0,-40.0,y
5.0,0.0,295.0,2531.0,256.0,14080.0,1292.0,9400.0,-843.0,-497.0,-89.0,y
0.0,0.0,304.0,2526.0,259.0,13948.0,1104.0,9324.0,-949.0,-216.0,-55.0,y
0.0,0.0,298.0,2507.0,249.0,14108.0,1044.0,9216.0,-477.0,-160.0,158.0,y
0.0,0.0,302.0,2512.0,257.0,13836.0,1204.0,9316.0,-557.0,-475.0,96.0,y
0.0,0.0,295.0,2512.0,257.0,14068.0,900.0,9148.0,-647.0,-358.0,64.0,y
0.0,0.0,294.0,2502.0,247.0,13860.0,1324.0,9056.0,-870.0,-412.0,-21.0,y
3.0,0.0,304.0,2523.0,272.0,13936.0,1144.0,9316.0,-698.0,-284.0,97.0,y
10.0,0.0,309.0,2507.0,256.0,13972.0,852.0,9264.0,-882.0,-259.0,66.0,y
0.0,0.0,300.0,2518.0,244.0,13952.0,812.0,9220.0,-877.0,-273.0,104.0,y
0.0,0.0,301.0,2499.0,238.0,13840.0,1180.0,9404.0,-560.0,-290.0,80.0,y
0.0,0.0,299.0,2507.0,240.0,14064.0,1176.0,9132.0,-799.0,-237.0,156.0,y
0.0,0.0,296.0,2521.0,259.0,13892.0,1024.0,9224.0,-489.0,-245.0,131.0,y
0.0,0.0,290.0,2490.0,245.0,13928.0,1512.0,9360.0,-734.0,-447.0,-49.0,y
11.0,0.0,303.0,2512.0,260.0,14164.0,924.0,9404.0,-829.0,-125.0,1.0,y
6.0,333.0,426.0,0.0,16.0,13168.0,-844.0,10692.0,-410.0,-697.0,-100.0,a
0.0,334.0,415.0,2481.0,19.0,13156.0,-748.0,10648.0,-670.0,-433.0,-19.0,a
0.0,330.0,416.0,2494.0,9.0,13500.0,-700.0,10836.0,-617.0,-209.0,-116.0,a
0.0,326.0,433.0,2476.0,26.0,13084.0,-808.0,10544.0,-815.0,-59.0,379.0,a
0.0,331.0,442.0,2501.0,6.0,13032.0,-796.0,10628.0,-705.0,-450.0,1.0,a
0.0,331.0,429.0,2487.0,16.0,13332.0,-1004.0,10816.0,-877.0,-480.0,-105.0,a
0.0,339.0,434.0,2481.0,16.0,13188.0,-900.0,10524.0,-908.0,-204.0,4.0,a
4.0,330.0,426.0,2480.0,15.0,13060.0,-576.0,10532.0,-584.0,-403.0,-90.0,a
0.0,322.0,422.0,2485.0,19.0,13184.0,-772.0,10496.0,-606.0,-407.0,11.0,a
0.0,320.0,429.0,2480.0,16.0,13020.0,-596.0,10428.0,-1039.0,-220.0,135.0,a
0.0,349.0,412.0,2507.0,16.0,12904.0,-912.0,10704.0,-790.0,-391.0,49.0,a
0.0,334.0,437.0,2487.0,16.0,13028.0,-872.0,10500.0,-907.0,-229.0,85.0,a
0.0,343.0,437.0,2480.0,25.0,12868.0,-832.0,10560.0,-747.0,-340.0,67.0,a
27.0,338.0,433.0,2527.0,19.0,13124.0,-648.0,10644.0,-668.0,-549.0,-27.0,a
0.0,345.0,425.0,2509.0,5.0,13092.0,-852.0,10584.0,-914.0,-157.0,-2.0,a
0.0,333.0,429.0,2471.0,17.0,13136.0,-764.0,10312.0,-612.0,-534.0,-95.0,a
0.0,336.0,432.0,2489.0,9.0,12892.0,-816.0,10652.0,-1015.0,-175.0,256.0,a
0.0,330.0,432.0,2483.0,21.0,13044.0,-836.0,10552.0,-1028.0,-389.0,15.0,a
0.0,337.0,432.0,0.0,26.0,12960.0,-528.0,10552.0,-767.0,-327.0,-9.0,a
0.0,335.0,432.0,0.0,23.0,13208.0,-568.0,10440.0,-573.0,-459.0,-28.0,a
0.0,334.0,424.0,0.0,21.0,13084.0,-900.0,10540.0,-879.0,-332.0,-16.0,a
0.0,306.0,420.0,0.0,35.0,12952.0,-812.0,10748.0,-347.0,-619.0,-28.0,a
0.0,314.0,422.0,0.0,27.0,13172.0,-432.0,10716.0,-869.0,-193.0,212.0,a
0.0,322.0,419.0,0.0,32.0,12848.0,-912.0,10792.0,-405.0,-355.0,44.0,a
0.0,317.0,432.0,0.0,22.0,13348.0,-732.0,10648.0,-817.0,-457.0,-162.0,a
0.0,334.0,436.0,0.0,30.0,13356.0,-384.0,10532.0,-925.0,-324.0,110.0,a
0.0,339.0,435.0,2487.0,32.0,13076.0,-620.0,10168.0,-1247.0,-140.0,187.0,a
3.0,336.0,430.0,2480.0,10.0,12960.0,-680.0,10400.0,-175.0,-386.0,97.0,a
0.0,325.0,446.0,2496.0,33.0,12892.0,-1068.0,10580.0,-999.0,24.0,283.0,a
0.0,334.0,433.0,2479.0,16.0,13012.0,-652.0,10412.0,-453.0,-691.0,-216.0,a
0.0,327.0,432.0,2502.0,18.0,13128.0,-760.0,10444.0,-689.0,-362.0,38.0,a
0.0,336.0,448.0,2480.0,37.0,12944.0,-860.0,10796.0,-516.0,-462.0,98.0,a
0.0,339.0,442.0,2493.0,39.0,12992.0,-780.0,10532.0,-594.0,-352.0,-38.0,a
0.0,331.0,445.0,2505.0,20.0,13080.0,-716.0,10384.0,-753.0,-367.0,-38.0,a
0.0,350.0,434.0,2487.0,24.0,13092.0,-520.0,10628.0,-501.0,-482.0,27.0,a
0.0,337.0,432.0,2490.0,32.0,13148.0,-640.0,10612.0,-608.0,-502.0,-80.0,a
0.0,331.0,439.0,2495.0,25.0,12876.0,-796.0,10628.0,-948.0,-127.0,80.0,a
0.0,339.0,436.0,2483.0,43.0,13124.0,-428.0,10540.0,-907.0,-232.0,124.0,a
0.0,321.0,433.0,2497.0,30.0,13120.0,-376.0,10620.0,-347.0,-810.0,-165.0,a
10.0,333.0,443.0,2496.0,18.0,13208.0,-592.0,10484.0,-806.0,-284.0,113.0,a
0.0,322.0,435.0,2506.0,38.0,12920.0,-904.0,10772.0,-524.0,-599.0,-186.0,a
0.0,323.0,437.0,2497.0,25.0,13084.0,-540.0,10740.0,-512.0,-682.0,-94.0,a
0.0,334.0,432.0,2482.0,21.0,13192.0,-452.0,10772.0,-1115.0,-20.0,350.0,a
0.0,347.0,437.0,2486.0,19.0,13128.0,-556.0,10620.0,-751.0,-350.0,-44.0,a
0.0,338.0,446.0,2483.0,25.0,12932.0,-652.0,10608.0,-602.0,-188.0,294.0,a
0.0,336.0,450.0,2491.0,27.0,13124.0,-736.0,10184.0,-375.0,-350.0,287.0,a
0.0,327.0,437.0,2495.0,23.0,13252.0,-300.0,10480.0,-933.0,-354.0,-102.0,a
0.0,324.0,439.0,2481.0,31.0,12984.0,-752.0,10308.0,-761.0,-226.0,398.0,a
0.0,330.0,445.0,2507.0,35.0,13340.0,-296.0,10552.0,-327.0,-411.0,82.0,a
0.0,323.0,438.0,2487.0,19.0,13304.0,-704.0,10588.0,-986.0,-373.0,-66.0,a
71.0,0.0,350.0,2493.0,35.0,13468.0,312.0,10132.0,-236.0,-381.0,-251.0,s
114.0,3.0,353.0,2494.0,14.0,13368.0,184.0,10104.0,-803.0,-214.0,-42.0,s
177.0,0.0,353.0,2500.0,48.0,13184.0,-116.0,10480.0,-909.0,-402.0,66.0,s
191.0,0.0,356.0,2493.0,32.0,13220.0,-268.0,10352.0,-706.0,-337.0,125.0,s
128.0,16.0,363.0,2499.0,26.0,13100.0,-60.0,10536.0,-905.0,-343.0,-84.0,s
85.0,6.0,362.0,2499.0,26.0,13244.0,-80.0,10072.0,-894.0,-212.0,3.0,s
26.0,0.0,361.0,2506.0,33.0,13168.0,-88.0,10660.0,-598.0,-195.0,13.0,s
48.0,0.0,367.0,2506.0,34.0,13056.0,-252.0,10388.0,-775.0,-375.0,-18.0,s
118.0,2.0,367.0,2493.0,26.0,13120.0,-496.0,10548.0,-1132.0,-309.0,-55.0,s
149.0,0.0,365.0,2489.0,29.0,13064.0,-260.0,10596.0,-974.0,-280.0,-83.0,s
148.0,4.0,356.0,2511.0,50.0,13096.0,-52.0,10208.0,-600.0,-459.0,52.0,s
87.0,0.0,368.0,2507.0,18.0,12928.0,-488.0,10564.0,-682.0,-314.0,61.0,s
42.0,0.0,368.0,2495.0,30.0,13152.0,-224.0,10228.0,-797.0,-406.0,-26.0,s
50.0,0.0,375.0,2493.0,57.0,13008.0,-60.0,10384.0,-867.0,-262.0,68.0,s
85.0,0.0,357.0,2490.0,25.0,13040.0,-344.0,10520.0,-617.0,-430.0,160.0,s
116.0,0.0,361.0,2483.0,32.0,12996.0,-104.0,10516.0,-708.0,-440.0,16.0,s
148.0,0.0,359.0,2503.0,12.0,12952.0,-244.0,10688.0,-1613.0,-88.0,-134.0,s
134.0,0.0,354.0,2497.0,48.0,13088.0,-452.0,10748.0,-939.0,-150.0,-68.0,s
99.0,0.0,359.0,2495.0,22.0,12924.0,-40.0,10700.0,-849.0,-493.0,-109.0,s
67.0,0.0,359.0,2496.0,42.0,12880.0,-528.0,10880.0,-653.0,-486.0,-62.0,s
78.0,0.0,348.0,2490.0,22.0,12988.0,-460.0,10652.0,-695.0,-286.0,67.0,s
127.0,0.0,336.0,2498.0,31.0,12960.0,-608.0,10508.0,-1079.0,-442.0,-90.0,s
161.0,2.0,346.0,2485.0,35.0,12980.0,-488.0,10324.0,-656.0,-352.0,40.0,s
195.0,6.0,329.0,2496.0,37.0,13044.0,-224.0,10504.0,-410.0,-404.0,-28.0,s
156.0,1.0,339.0,2494.0,19.0,13016.0,-336.0,10928.0,-600.0,-265.0,90.0,s
93.0,0.0,327.0,2503.0,27.0,12844.0,-568.0,10820.0,-638.0,-461.0,21.0,s
71.0,9.0,336.0,2487.0,22.0,12900.0,-636.0,10740.0,-447.0,-295.0,122.0,s
83.0,0.0,331.0,2498.0,32.0,12880.0,-544.0,10572.0,-834.0,-187.0,135.0,s
139.0,0.0,337.0,2508.0,48.0,13000.0,-248.0,10632.0,-1185.0,-363.0,10.0,s
167.0,7.0,339.0,2493.0,18.0,13016.0,-148.0,10364.0,-626.0,-349.0,104.0,s
176.0,14.0,336.0,2511.0,37.0,12852.0,-480.0,10552.0,-471.0,-509.0,85.0,s
133.0,0.0,320.0,2503.0,0.0,12904.0,-776.0,10628.0,-936.0,-354.0,112.0,s
104.0,0.0,336.0,2507.0,31.0,12900.0,-472.0,10672.0,-309.0,-355.0,116.0,s
90.0,16.0,336.0,2491.0,35.0,13064.0,-392.0,10724.0,-884.0,-387.0,-34.0,s
93.0,16.0,335.0,2490.0,17.0,12824.0,-308.0,10524.0,-629.0,-402.0,230.0,s
146.0,9.0,358.0,2467.0,43.0,12924.0,-212.0,10728.0,-808.0,-431.0,-6.0,s
178.0,16.0,364.0,2494.0,31.0,12988.0,-332.0,10804.0,-905.0,-422.0,-47.0,s
175.0,0.0,343.0,2496.0,49.0,12776.0,-472.0,10688.0,-537.0,-351.0,90.0,s
133.0,5.0,358.0,2459.0,27.0,12936.0,-528.0,10712.0,-940.0,-311.0,13.0,s
85.0,0.0,346.0,2512.0,51.0,12792.0,-568.0,10652.0,-905.0,-335.0,2.0,s
70.0,4.0,352.0,2505.0,54.0,12852.0,-364.0,10748.0,-838.0,-363.0,85.0,s
91.0,19.0,347.0,2495.0,31.0,12952.0,-444.0,10776.0,-771.0,-524.0,4.0,s
162.0,15.0,332.0,2493.0,48.0,12820.0,-420.0,10976.0,-1372.0,-303.0,-75.0,s
208.0,0.0,325.0,2502.0,44.0,13012.0,-356.0,10480.0,-839.0,-346.0,52.0,s
161.0,8.0,337.0,2496.0,43.0,12852.0,-504.0,10688.0,-784.0,-384.0,-44.0,s
112.0,0.0,348.0,2498.0,18.0,13028.0,-724.0,10768.0,-604.0,-372.0,90.0,s
74.0,0.0,342.0,2499.0,23.0,12808.0,-272.0,10672.0,-608.0,-349.0,-23.0,s
64.0,0.0,339.0,2499.0,34.0,12916.0,-484.0,10844.0,-1030.0,-169.0,-42.0,s
112.0,0.0,346.0,2495.0,10.0,12980.0,-532.0,10508.0,-718.0,-424.0,15.0,s
159.0,0.0,355.0,2489.0,18.0,12884.0,-480.0,10756.0,-1108.0,-331.0,-27.0,s
59.0,343.0,405.0,0.0,33.0,-360.0,-1120.0,16856.0,-895.0,-323.0,-603.0,h
64.0,345.0,395.0,0.0,34.0,16.0,-1388.0,16636.0,-770.0,-504.0,86.0,h
102.0,334.0,400.0,0.0,22.0,-72.0,-1628.0,16428.0,-573.0,-425.0,83.0,h
126.0,334.0,406.0,0.0,14.0,-28.0,-1600.0,16472.0,-1291.0,-346.0,-397.0,h
158.0,343.0,400.0,0.0,31.0,-120.0,-1700.0,16312.0,-586.0,-641.0,-136.0,h
125.0,338.0,400.0,0.0,30.0,-324.0,-1324.0,16168.0,-487.0,-5.0,287.0,h
69.0,331.0,407.0,0.0,29.0,-276.0,-1516.0,16344.0,-468.0,-291.0,78.0,h
39.0,334.0,420.0,0.0,31.0,-188.0,-1056.0,16128.0,-612.0,-391.0,176.0,h
64.0,336.0,428.0,0.0,34.0,-76.0,-1468.0,16320.0,-338.0,-404.0,138.0,h
103.0,336.0,413.0,0.0,16.0,-44.0,-1376.0,16224.0,-608.0,-504.0,75.0,h
138.0,325.0,412.0,0.0,23.0,-16.0,-1256.0,16300.0,-511.0,-395.0,5.0,h
141.0,342.0,423.0,0.0,18.0,-68.0,-968.0,16276.0,-762.0,-310.0,8.0,h
96.0,339.0,416.0,0.0,14.0,-108.0,-1288.0,15900.0,-1120.0,-269.0,141.0,h
59.0,327.0,407.0,0.0,16.0,32.0,-1060.0,16112.0,-609.0,-104.0,64.0,h
48.0,316.0,417.0,0.0,30.0,-76.0,-1332.0,16056.0,-646.0,-625.0,-59.0,h
73.0,350.0,430.0,0.0,33.0,48.0,-1252.0,16084.0,-435.0,-120.0,160.0,h
112.0,336.0,427.0,0.0,30.0,-184.0,-1044.0,16196.0,-443.0,-183.0,256.0,h
167.0,336.0,409.0,0.0,32.0,-100.0,-1384.0,16420.0,-573.0,-505.0,-47.0,h
131.0,341.0,429.0,0.0,12.0,-272.0,-1428.0,16248.0,-748.0,-426.0,24.0,h
80.0,336.0,423.0,0.0,21.0,64.0,-1200.0,15716.0,-746.0,105.0,178.0,h
58.0,342.0,423.0,0.0,22.0,-188.0,-1156.0,16232.0,-238.0,-371.0,41.0,h
68.0,335.0,417.0,0.0,16.0,-36.0,-1112.0,16420.0,-589.0,-684.0,33.0,h
51.0,330.0,420.0,0.0,20.0,-176.0,-1144.0,16600.0,-264.0,-587.0,45.0,h
119.0,339.0,426.0,0.0,14.0,-116.0,-1204.0,16352.0,-635.0,-547.0,-25.0,h
133.0,343.0,424.0,0.0,28.0,-12.0,-1080.0,16208.0,-400.0,-235.0,-165.0,h
103.0,334.0,415.0,0.0,27.0,-108.0,-1012.0,16452.0,-851.0,-406.0,-22.0,h
52.0,334.0,422.0,0.0,38.0,-276.0,-1052.0,16312.0,-976.0,-427.0,40.0,h
16.0,324.0,421.0,0.0,40.0,-172.0,-1236.0,16204.0,-655.0,-307.0,42.0,h
50.0,336.0,435.0,0.0,28.0,-164.0,-1324.0,16492.0,-850.0,-418.0,-106.0,h
80.0,331.0,435.0,0.0,16.0,-264.0,-696.0,16524.0,-702.0,-331.0,30.0,h
114.0,320.0,427.0,0.0,20.0,-76.0,-1184.0,16524.0,-688.0,-544.0,188.0,h
117.0,336.0,423.0,0.0,18.0,-288.0,-668.0,16184.0,-556.0,-298.0,118.0,h
80.0,342.0,432.0,0.0,16.0,-80.0,-1068.0,16088.0,-481.0,-273.0,110.0,h
51.0,320.0,429.0,0.0,4.0,-136.0,-884.0,16376.0,-853.0,-398.0,-10.0,h
54.0,333.0,434.0,0.0,22.0,-336.0,-1108.0,16124.0,-974.0,-133.0,-99.0,h
74.0,342.0,434.0,0.0,15.0,-292.0,-1220.0,15968.0,-821.0,-338.0,-55.0,h
131.0,342.0,442.0,0.0,18.0,-100.0,-1220.0,16220.0,-1052.0,-256.0,-18.0,h
145.0,332.0,432.0,0.0,17.0,-320.0,-1320.0,16296.0,-412.0,-394.0,121.0,h
150.0,342.0,434.0,0.0,16.0,-292.0,-1220.0,16124.0,-414.0,-422.0,-11.0,h
103.0,327.0,437.0,0.0,28.0,-208.0,-852.0,15936.0,-592.0,-391.0,126.0,h
61.0,336.0,432.0,0.0,26.0,-412.0,-1112.0,16280.0,-674.0,-603.0,-105.0,h
52.0,347.0,443.0,0.0,33.0,-268.0,-1152.0,16116.0,-854.0,-529.0,-42.0,h
99.0,341.0,435.0,0.0,20.0,-292.0,-1032.0,16428.0,-517.0,-488.0,61.0,h
134.0,336.0,435.0,0.0,15.0,-296.0,-1512.0,16424.0,-731.0,-581.0,320.0,h
156.0,329.0,436.0,0.0,16.0,-208.0,-1512.0,16120.0,-1128.0,-52.0,-90.0,h
138.0,336.0,438.0,0.0,16.0,-252.0,-1144.0,16264.0,-688.0,-448.0,-176.0,h
78.0,348.0,442.0,0.0,39.0,-520.0,-1320.0,16200.0,-745.0,-289.0,206.0,h
49.0,332.0,439.0,0.0,35.0,-148.0,-1204.0,16388.0,-553.0,-498.0,102.0,h
49.0,336.0,439.0,0.0,21.0,-492.0,-1420.0,16344.0,-912.0,-285.0,89.0,h
91.0,336.0,447.0,0.0,37.0,-212.0,-1068.0,16192.0,-481.0,-354.0,74.0,h
117.0,0.0,0.0,2503.0,256.0,13504.0,136.0,9984.0,-1133.0,-505.0,-406.0,yashas
161.0,0.0,0.0,2494.0,272.0,13620.0,324.0,9756.0,-814.0,-236.0,-141.0,yashas
145.0,0.0,0.0,2502.0,269.0,13320.0,144.0,10064.0,-940.0,-284.0,-104.0,yashas
101.0,0.0,0.0,2497.0,265.0,13240.0,136.0,10652.0,-461.0,-408.0,23.0,yashas
65.0,0.0,0.0,2498.0,272.0,13392.0,276.0,10092.0,-974.0,-354.0,155.0,yashas
65.0,0.0,0.0,2512.0,283.0,13112.0,20.0,10304.0,-998.0,-449.0,-24.0,yashas
93.0,0.0,0.0,2493.0,282.0,13448.0,600.0,10240.0,-838.0,-569.0,-4.0,yashas
139.0,1.0,0.0,2517.0,271.0,13440.0,372.0,10152.0,-929.0,-374.0,-69.0,yashas
182.0,0.0,0.0,2496.0,272.0,13332.0,192.0,10248.0,-820.0,-482.0,-172.0,yashas
144.0,5.0,0.0,2482.0,285.0,13324.0,492.0,9956.0,-620.0,-437.0,14.0,yashas
95.0,0.0,0.0,2501.0,285.0,13264.0,292.0,10100.0,-818.0,-427.0,-27.0,yashas
52.0,0.0,0.0,2493.0,260.0,13428.0,456.0,10264.0,-763.0,-363.0,-107.0,yashas
76.0,0.0,4.0,2503.0,275.0,13384.0,292.0,10240.0,-659.0,-414.0,99.0,yashas
103.0,0.0,0.0,2486.0,273.0,13360.0,368.0,10272.0,-961.0,-310.0,-103.0,yashas
164.0,0.0,0.0,2500.0,288.0,13348.0,728.0,10192.0,-634.0,-357.0,-2.0,yashas
153.0,0.0,0.0,2513.0,282.0,13240.0,112.0,10288.0,-865.0,-216.0,42.0,yashas
129.0,0.0,2.0,2496.0,290.0,13344.0,324.0,10044.0,-640.0,-373.0,-26.0,yashas
71.0,0.0,0.0,2514.0,288.0,13488.0,368.0,9908.0,-798.0,-496.0,13.0,yashas
53.0,0.0,0.0,2509.0,272.0,13360.0,360.0,10060.0,-693.0,-359.0,14.0,yashas
86.0,0.0,0.0,2503.0,277.0,13320.0,564.0,10304.0,-679.0,-422.0,0.0,yashas
128.0,0.0,0.0,2506.0,276.0,13372.0,300.0,9964.0,-580.0,-352.0,31.0,yashas
184.0,0.0,0.0,2512.0,284.0,13184.0,156.0,10296.0,-688.0,-323.0,-88.0,yashas
154.0,0.0,0.0,2503.0,287.0,13468.0,440.0,10280.0,-632.0,-451.0,56.0,yashas
96.0,0.0,0.0,2485.0,276.0,13260.0,116.0,9772.0,-374.0,-439.0,25.0,yashas
70.0,0.0,3.0,2491.0,293.0,13408.0,608.0,10312.0,-891.0,-345.0,-34.0,yashas
67.0,0.0,0.0,2502.0,286.0,13308.0,364.0,10388.0,-605.0,-442.0,112.0,yashas
110.0,0.0,0.0,2513.0,281.0,13412.0,400.0,10092.0,-698.0,-348.0,-41.0,yashas
145.0,0.0,0.0,2482.0,300.0,13268.0,212.0,10176.0,-569.0,-294.0,26.0,yashas
169.0,0.0,0.0,2502.0,287.0,13304.0,392.0,10168.0,-559.0,-555.0,-10.0,yashas
145.0,0.0,2.0,2505.0,289.0,13440.0,552.0,10384.0,-846.0,-512.0,-87.0,yashas
95.0,0.0,10.0,2502.0,298.0,13368.0,208.0,10184.0,-550.0,-465.0,-18.0,yashas
65.0,0.0,0.0,2506.0,284.0,13364.0,220.0,10200.0,-713.0,-335.0,106.0,yashas
80.0,0.0,0.0,2510.0,277.0,13328.0,124.0,10420.0,-932.0,-416.0,-124.0,yashas
126.0,0.0,1.0,2497.0,281.0,13360.0,440.0,9940.0,-764.0,-330.0,-26.0,yashas
166.0,0.0,0.0,2505.0,294.0,13428.0,452.0,10164.0,-999.0,-208.0,32.0,yashas
152.0,0.0,0.0,2499.0,283.0,13280.0,332.0,10436.0,-445.0,-626.0,55.0,yashas
112.0,0.0,0.0,2481.0,286.0,13252.0,96.0,10404.0,-676.0,-436.0,42.0,yashas
70.0,0.0,3.0,2487.0,283.0,13424.0,220.0,10240.0,-758.0,-209.0,12.0,yashas
74.0,0.0,0.0,2485.0,288.0,13332.0,344.0,10172.0,-812.0,-335.0,-48.0,yashas
96.0,0.0,0.0,2493.0,291.0,13432.0,316.0,10036.0,-1109.0,-289.0,-26.0,yashas
129.0,0.0,1.0,2487.0,282.0,13460.0,380.0,10096.0,-751.0,-413.0,-23.0,yashas
164.0,0.0,0.0,2487.0,280.0,13248.0,300.0,10268.0,-661.0,-338.0,122.0,yashas
139.0,0.0,0.0,2507.0,298.0,13356.0,92.0,10288.0,-549.0,-603.0,-48.0,yashas
99.0,0.0,0.0,2505.0,267.0,13248.0,268.0,10368.0,-740.0,-199.0,7.0,yashas
62.0,0.0,0.0,2489.0,274.0,13492.0,380.0,10068.0,-753.0,-381.0,75.0,yashas
93.0,0.0,0.0,2485.0,284.0,13356.0,328.0,10288.0,-646.0,-501.0,-35.0,yashas
112.0,0.0,1.0,2493.0,290.0,13380.0,268.0,10176.0,-699.0,-440.0,76.0,yashas
151.0,0.0,1.0,2493.0,291.0,13376.0,28.0,10236.0,-499.0,-430.0,27.0,yashas
140.0,0.0,6.0,2502.0,290.0,13372.0,196.0,10288.0,-570.0,-231.0,46.0,yashas
129.0,0.0,4.0,2496.0,291.0,13524.0,156.0,10068.0,-937.0,-598.0,41.0,yashas
